zeit_utc,strasse,sperre_von,sperre_bis,centralpark_occupied,centralpark_occupied_short_stay,centralpark_occupied_subscribers,albingross_occupied,albingross_occupied_short_stay,albingross_occupied_subscribers,wetter_tag,wetter,temp_max,regen_mm
2026-09-05T18:52:22Z,open,09:00,17:00,0,22,0,14,6,8,2026-09-05,sunny,30,1
2026-09-05T19:06:13Z,open,09:00,17:00,0,19,0,14,6,8,2026-09-05,sunny,30,1
2026-09-05T19:16:56Z,open,09:00,17:00,0,19,0,14,6,8,2026-09-05,sunny,30,1
2026-09-05T21:24:19Z,open,09:00,17:00,0,12,0,9,3,6,2026-09-05,sunny,30,1
2026-09-05T23:02:08Z,open,09:00,17:00,0,11,0,9,3,6,2026-09-06,sunny,29,1
2026-09-06T01:07:06Z,open,09:00,17:00,0,11,0,9,3,6,2026-09-06,sunny,29,1
2026-09-06T06:06:41Z,open,09:00,17:00,0,10,0,9,3,6,2026-09-06,sunny,29,1
2026-09-06T11:08:23Z,closed,09:00,17:00,0,38,0,35,28,7,2026-09-06,sunny,29,1
2026-09-06T14:15:46Z,closed,09:00,17:00,0,32,0,19,14,5,2026-09-06,sunny,29,1
2026-09-06T17:10:17Z,open,09:00,17:00,0,24,0,12,6,6,2026-09-06,sunny,29,1
2026-09-06T19:20:04Z,open,09:00,17:00,0,14,0,9,2,7,2026-09-06,sunny,29,1
2026-09-06T21:28:56Z,open,09:00,17:00,0,11,0,6,1,5,2026-09-06,sunny,29,1
2026-09-06T22:57:52Z,open,09:00,17:00,0,11,0,6,1,5,2026-09-07,cloudy,25,2
2026-09-07T00:38:13Z,open,09:00,17:00,0,11,0,6,1,5,2026-09-07,cloudy,25,2
2026-09-07T05:21:23Z,open,09:00,17:00,0,19,0,6,1,5,2026-09-07,cloudy,25,2
2026-09-07T10:31:44Z,closed,09:00,17:00,0,46,0,39,33,6,2026-09-07,cloudy,25,2
2026-09-07T16:09:08Z,open,09:00,17:00,0,28,0,20,15,5,2026-09-07,cloudy,25,2
2026-09-07T20:02:11Z,open,09:00,17:00,0,11,0,10,6,4,2026-09-07,cloudy,25,2
2026-09-07T22:53:53Z,open,09:00,17:00,0,11,0,10,6,4,2026-09-08,partly cloudy,26,1
2026-09-08T00:46:18Z,open,09:00,17:00,0,11,0,10,6,4,2026-09-08,partly cloudy,26,1
2026-09-08T05:24:24Z,open,09:00,17:00,0,16,0,11,7,4,2026-09-08,partly cloudy,26,1
2026-09-08T09:52:34Z,closed,09:00,17:00,0,37,0,31,25,6,2026-09-08,partly cloudy,26,1
2026-09-08T13:56:57Z,closed,09:00,17:00,0,41,0,25,20,5,2026-09-08,partly cloudy,26,1
2026-09-08T17:41:04Z,open,09:00,17:00,0,29,0,15,13,2,2026-09-08,partly cloudy,26,1
2026-09-08T20:23:21Z,open,09:00,17:00,0,14,0,7,6,1,2026-09-08,partly cloudy,26,1
2026-09-08T22:46:58Z,open,09:00,17:00,0,11,0,8,6,2,2026-09-09,cloudy,21,6
2026-09-09T00:46:34Z,open,09:00,17:00,0,11,0,8,6,2,2026-09-09,cloudy,21,6
2026-09-09T05:26:59Z,open,09:00,17:00,0,18,0,10,7,3,2026-09-09,cloudy,21,6
2026-09-09T09:57:05Z,closed,09:00,17:00,0,56,0,30,24,6,2026-09-09,cloudy,21,6
2026-09-09T14:04:14Z,closed,09:00,17:00,0,41,0,26,23,3,2026-09-09,cloudy,21,6
2026-09-09T17:53:02Z,open,09:00,17:00,0,23,0,12,9,3,2026-09-09,cloudy,21,6
2026-09-09T20:07:03Z,open,09:00,17:00,0,13,0,9,7,2,2026-09-09,cloudy,21,6
2026-09-09T22:38:36Z,open,09:00,17:00,0,11,0,8,6,2,2026-09-10,partly cloudy,18,1
2026-09-10T00:41:25Z,open,09:00,17:00,0,11,0,8,6,2,2026-09-10,partly cloudy,18,1
2026-09-10T05:24:01Z,open,09:00,17:00,0,19,0,6,6,0,2026-09-10,partly cloudy,18,1
2026-09-10T09:52:56Z,closed,09:00,17:00,1,63,0,48,42,6,2026-09-10,partly cloudy,18,1
2026-09-10T13:54:41Z,closed,09:00,17:00,0,45,0,26,23,4,2026-09-10,partly cloudy,18,1
2026-09-10T17:21:08Z,open,09:00,17:00,0,16,0,10,7,3,2026-09-10,partly cloudy,18,1
2026-09-10T19:51:51Z,open,09:00,17:00,0,10,0,7,6,1,2026-09-10,partly cloudy,18,1
2026-09-10T22:00:43Z,open,09:00,17:00,0,12,0,8,6,2,2026-09-11,sunny,19,1
2026-09-11T00:16:31Z,open,09:00,17:00,0,12,0,8,6,2,2026-09-11,sunny,19,1
2026-09-11T04:53:23Z,open,09:00,17:00,0,16,0,9,6,3,2026-09-11,sunny,19,1
2026-09-11T09:12:54Z,closed,09:00,17:00,0,66,0,30,23,7,2026-09-11,sunny,19,1
2026-09-11T13:40:05Z,closed,09:00,17:00,0,49,0,25,22,3,2026-09-11,sunny,19,1
2026-09-11T17:22:33Z,open,09:00,17:00,0,18,0,11,9,2,2026-09-11,sunny,19,1
2026-09-11T19:52:03Z,open,09:00,17:00,0,15,0,10,7,3,2026-09-11,sunny,19,1
2026-09-11T22:03:12Z,open,09:00,17:00,0,11,0,9,6,3,2026-09-12,partly cloudy,21,1
2026-09-12T00:23:59Z,open,09:00,17:00,0,11,0,9,6,3,2026-09-12,partly cloudy,21,1
2026-09-12T04:46:01Z,open,09:00,17:00,0,14,0,9,6,3,2026-09-12,partly cloudy,21,1
2026-09-12T08:54:31Z,closed,09:00,17:00,0,34,0,34,28,6,2026-09-12,partly cloudy,21,1
2026-09-12T12:27:17Z,closed,09:00,17:00,0,28,0,26,20,6,2026-09-12,partly cloudy,21,1
2026-09-12T15:41:15Z,open,09:00,17:00,0,23,0,21,17,4,2026-09-12,partly cloudy,21,1
2026-09-12T17:55:48Z,open,09:00,17:00,0,27,0,13,9,4,2026-09-12,partly cloudy,21,1
2026-09-12T19:49:47Z,open,09:00,17:00,0,13,0,10,8,2,2026-09-12,partly cloudy,21,1
2026-09-12T21:44:46Z,open,09:00,17:00,0,12,0,9,7,2,2026-09-12,partly cloudy,21,1
2026-09-12T23:29:05Z,open,09:00,17:00,0,12,0,9,7,2,2026-09-13,sunny,22,1
2026-09-13T01:17:08Z,open,09:00,17:00,0,12,0,9,7,2,2026-09-13,sunny,22,1
2026-09-13T06:22:00Z,open,09:00,17:00,0,11,0,9,7,2,2026-09-13,sunny,22,1
2026-09-13T12:08:08Z,closed,09:00,17:00,0,34,0,28,24,4,2026-09-13,sunny,22,1
2026-09-13T16:29:48Z,open,09:00,17:00,0,26,0,11,9,2,2026-09-13,sunny,22,1
2026-09-13T18:52:28Z,open,09:00,17:00,0,15,0,10,8,2,2026-09-13,sunny,22,1
2026-09-13T21:10:37Z,open,09:00,17:00,0,11,0,9,7,2,2026-09-13,sunny,22,1
2026-09-13T23:15:23Z,open,09:00,17:00,0,11,0,9,7,2,2026-09-14,partly cloudy,23,1
2026-09-14T01:15:37Z,open,09:00,17:00,0,11,0,9,7,2,2026-09-14,partly cloudy,23,1
2026-09-14T06:30:34Z,open,09:00,17:00,0,24,0,10,7,3,2026-09-14,partly cloudy,23,1
2026-09-14T13:25:51Z,closed,09:00,17:00,0,39,0,21,19,2,2026-09-14,partly cloudy,23,1
2026-09-14T18:45:46Z,open,09:00,17:00,0,15,0,8,7,1,2026-09-14,partly cloudy,23,1
2026-09-14T22:10:14Z,open,09:00,17:00,0,12,0,9,7,2,2026-09-15,sunny,22,1
2026-09-15T00:43:26Z,open,09:00,17:00,0,12,0,9,7,2,2026-09-15,sunny,22,1
2026-09-15T05:31:46Z,open,09:00,17:00,0,21,0,12,9,3,2026-09-15,sunny,22,1
2026-09-15T10:33:52Z,closed,09:00,17:00,0,50,0,36,30,6,2026-09-15,sunny,22,1
2026-09-15T15:18:38Z,open,09:00,17:00,0,36,0,21,18,3,2026-09-15,sunny,22,1
2026-09-15T19:06:14Z,open,09:00,17:00,0,18,0,12,9,3,2026-09-15,sunny,22,1
2026-09-15T22:21:20Z,open,09:00,17:00,0,13,0,10,8,2,2026-09-16,cloudy; thunderstorms with moderate showers,19,3
2026-09-16T00:33:10Z,open,09:00,17:00,0,13,0,10,8,2,2026-09-16,cloudy; thunderstorms with moderate showers,19,3
2026-09-16T05:24:11Z,open,09:00,17:00,0,21,0,10,9,1,2026-09-16,cloudy; thunderstorms with moderate showers,19,3
2026-09-16T10:06:09Z,closed,09:00,17:00,0,51,0,30,25,5,2026-09-16,cloudy; thunderstorms with moderate showers,19,3
2026-09-16T15:03:24Z,open,09:00,17:00,0,28,0,16,13,3,2026-09-16,cloudy; thunderstorms with moderate showers,19,3
2026-09-16T18:57:05Z,open,09:00,17:00,0,18,0,14,12,2,2026-09-16,cloudy; thunderstorms with moderate showers,19,3
2026-09-16T21:50:03Z,open,09:00,17:00,0,13,0,7,5,2,2026-09-16,cloudy; thunderstorms with moderate showers,19,3
2026-09-16T23:56:01Z,open,09:00,17:00,0,13,0,7,5,2,2026-09-17,partly cloudy,20,2
2026-09-17T02:21:47Z,open,09:00,17:00,0,13,0,7,5,2,2026-09-17,partly cloudy,20,2
2026-09-17T07:50:11Z,closed,09:00,17:00,0,45,0,16,11,5,2026-09-17,partly cloudy,20,2
2026-09-17T12:49:51Z,closed,09:00,17:00,0,43,0,19,13,6,2026-09-17,partly cloudy,20,2
2026-09-17T17:20:17Z,open,09:00,17:00,0,25,0,12,9,3,2026-09-17,partly cloudy,20,2
2026-09-17T20:25:01Z,open,09:00,17:00,0,13,0,7,5,2,2026-09-17,partly cloudy,20,2
2026-09-17T22:55:35Z,open,09:00,17:00,0,13,0,7,5,2,2026-09-18,very cloudy,17,4
2026-09-18T00:52:48Z,open,09:00,17:00,0,13,0,7,5,2,2026-09-18,very cloudy,17,4
2026-09-18T05:20:57Z,open,09:00,17:00,0,20,0,6,5,1,2026-09-18,very cloudy,17,4
2026-09-18T09:54:52Z,closed,09:00,17:00,0,59,0,30,25,5,2026-09-18,very cloudy,17,4
2026-09-18T13:56:27Z,closed,09:00,17:00,0,42,0,20,17,3,2026-09-18,very cloudy,17,4
2026-09-18T17:22:38Z,open,09:00,17:00,0,22,0,15,12,3,2026-09-18,very cloudy,17,4
2026-09-18T19:46:45Z,open,09:00,17:00,0,14,0,7,5,2,2026-09-18,very cloudy,17,4
2026-09-18T21:59:38Z,open,09:00,17:00,0,15,0,7,5,2,2026-09-18,very cloudy,17,4
2026-09-18T23:52:48Z,open,09:00,17:00,0,14,0,7,5,2,2026-09-19,partly cloudy,20,1
2026-09-19T01:53:14Z,open,09:00,17:00,0,14,0,7,5,2,2026-09-19,partly cloudy,20,1
2026-09-19T06:46:46Z,open,09:00,17:00,0,17,0,9,6,3,2026-09-19,partly cloudy,20,1
2026-09-19T11:40:40Z,closed,09:00,17:00,0,37,0,21,16,5,2026-09-19,partly cloudy,20,1
2026-09-19T14:55:00Z,closed,09:00,17:00,0,31,0,17,15,2,2026-09-19,partly cloudy,20,1
2026-09-19T17:32:21Z,open,09:00,17:00,0,20,0,10,7,3,2026-09-19,partly cloudy,20,1
2026-09-19T19:40:34Z,open,09:00,17:00,0,20,0,6,5,1,2026-09-19,partly cloudy,20,1
2026-09-19T21:50:45Z,open,09:00,17:00,0,16,0,7,5,2,2026-09-19,partly cloudy,20,1
2026-09-19T23:42:59Z,open,09:00,17:00,0,15,0,7,5,2,2026-09-20,partly cloudy,22,1
2026-09-20T01:55:40Z,open,09:00,17:00,0,15,0,7,5,2,2026-09-20,partly cloudy,22,1
2026-09-20T07:13:04Z,closed,09:00,17:00,0,11,0,11,9,2,2026-09-20,partly cloudy,22,1
2026-09-20T12:30:42Z,closed,09:00,17:00,0,35,0,22,18,4,2026-09-20,partly cloudy,22,1
2026-09-20T16:33:50Z,open,09:00,17:00,0,23,0,12,9,3,2026-09-20,partly cloudy,22,1
2026-09-20T19:07:35Z,open,09:00,17:00,0,18,0,11,8,3,2026-09-20,partly cloudy,22,1
